Sentence,Language
Il lit les nouvelles.,French
ajmal haja f denia post control w zidlo dar,Daridja
"Si on n'a rien de prêt pour le diner, ",French
Another bad hair day.,English
Salam oualikoum wa rahmat ellah wa barakatouh,Daridja
"faire des courses, aller chercher les enfants à l'école, ",French
bedloulha le prix ... tla3 bezzaaaf,Daridja
More honoured in the breach than in the observance.,English
Ship shape and Bristol fashion,English
donc khliwlna ndiro sondage khir w khir .,Daridja
nakhdmo nassna b chi li na9dro alih,Daridja
If the cap fits,English
Dark horse,English
Aaah ya sarah,Daridja
Powers that be - The generated text,English
Come a cropper,English
D3awi li ditihoum had l3id ,Daridja
Pourquoi ne pas apprendre quelques expressions françaises utiles ?,French
Qu'est ce qui ce passe t-il ?,French
C'est une belle journée pour une promenade.,French
Mach Ghadi nssame7 li kan fi ydo l7a9,Daridja
Il faut visiter le Louvre à Paris.,French
Red-handed (caught),English
Old chestnut,English
Les couleurs de l'automne sont splendides.,French
Il fait très froid !,French
The buck stops here,English
Pas de problème.,French
Bonté divine ! Ça doit être vrai ! ,French
Exception that proves the rule.,English
Till the cows come home,English
"kima bghaw ydaroni, Wella y'adoni, ",Daridja
Bsr zinounin,Daridja
Tu parles français ?,French
Be quiet! The baby is sleeping.,English
c'est vite le chaos dans la maison.,French
Under your hat - Keep it,English
"C'est une journée froide, idéale pour une soirée au coin du feu.",French
"Et Petit Poulet, Pauline la poule, ",French
salam cv rani lbarra,Daridja
Barking mad,English
Brass monkey weather,English
"Wow, your garden looks absolutely stunning!",English
La fête date de 1982.,French
kbir w sghir,Daridja
"A gentle breeze rustled the leaves on the trees, signaling the arrival of spring.",English
Is the Pope Polish?,English
Quelle heure est-il ?,French
Les plages de la Côte d'Azur sont magnifiques.,French
Better half,English
W mn lyom w ro7 marakom ra7 Tzido telgaw ayé ghnaya mn ghnayati fi l'YouTub ,Daridja
ndkhol f domaine hada w marahche nbedlou nshallah ,Daridja
"La veille de Noël, je fais des courses. ",French
C'est triste.,French
Kant tjowz hadak l 3am w arwah,Daridja
Friend in need is a friend indeed - An old saying,English
W mn el asbab li khalatni n7abes ,Daridja
Up to snuff,English
Je ne sais pas.,French
nhar kamel w nta tbeki,Daridja
Carbon-copy,English
Hab nechri tomobile ,Daridja
Best laid schemes of mice and men - The Fellow traveller,English
Spitting feathers,English
Beyond our ken,English
"Spreading to over 200,000 computers across 150 countries.",English
"Après ça, il est temps de se rendre au travail. ",French
Les rues de Paris sont pleines de vie.,French
Kick the bucket,English
Survival of the fittest,English
ta3ah mjit 9ahwat louh ,Daridja
Koul wahd ydir wsh yheb chfto yza3e9,Daridja
Comment s'est passée ta journée ?,French
Il est toujours bon de rire un peu.,French
Les étoiles brillent dans le ciel nocturne.,French
For whom the bell tolls,English
Night owl,English
Où allez-vous ? Pourquoi avez-vous si peur ?,French
Les éclats de rire des enfants résonnent dans la cour d'école.,French
"Il n'est ni gros, ni maigre. ",French
Can you believe it's been 10 years since we graduated?,English
Il vous est demandé d'implémenter une base de données ,French
Pourquoi ne pas essayer un plat traditionnel français ce soir ?,French
Rahet l'internet,Daridja
Quatre-vingts dix-septs,French
Laissez-moi vous raconter l'histoire d'un Poulet. ,French
nti lazem tchoufi wech ysa3dek,Daridja
Les coûts peuvent augmenter en raison des itérations (plus complexes à gérer).,French
I will swing for you,English
wech n9olkom tban une piscine kbira w el hala n9ia,Daridja
nonqs mn playc ma nhabh nonqas manhom,Daridja
J'adore Paris.,French
C'est formidable !,French
Two heads are better than one,English
haka yebda y3ayet bla sebba ma3naha raho mkhabi haja,Daridja
Je préfère le café avec un peu de lait.,French
"les habiller, leur donner un petit déjeuner ",French
wa9il n9ost 0'5kg BRK f un mois,Daridja
khawti li lga mfateh f la bib ycontactini svp,Daridja
"Colleagues collaborated on a project, pooling their expertise for success.",English
C'est fantastique !,French
"7bit nseqsikm , ki jit nechri boutaille d'eau m déstributeur li jay f la biblitèque esi",Daridja
Il fait chaud.,French
"yezer3ou el batata, tomatiche, el besbes ... koulech",Daridja
Les châteaux médiévaux français sont pleins de mystère.,French
C'est incroyable.,French
Étapes sont clairement distinguées.,French
na9der n3ayetlek ?,Daridja
Stool pigeon,English
"Fie, foh, fum, I smell the blood of an Englishman",English
khoudou 7derkom khawti,Daridja
testahli wach raho jayek,Daridja
Les éclats de rire des enfants sont un trésor précieux.,French
"C'était une émission sur la station France Inter, une station de radio nationale. ",French
"La vie de tous les jours, ",French
Da Wiiin FaT 3lYa Wa7eD YejRi Wa PaPah mOura BeL BaLa,Daridja
Bone up on,English
"Un coiffeur au masculin, et une coiffeuse en féminin.",French
Have you ever been to New York City?,English
à ne pas accepter des sacs plastiques à usage unique. ,French
Apple of my eye - The best laid schemes of mice and men.,English
An offer he can't refuse,English
Wlh mnzid ndir régime f ramdan,Daridja
Les étudiants apprécient l'éducation de qualité.,French
"W li mazalo bara rh jey nharhom tan inshallah,",Daridja
The camera cannot lie,English
Lounou 9ahwi,Daridja
Flash in the pan,English
Bonne journée !,French
There's no such thing as a free lunch (Tanstaafl),English
If I had my druthers,English
Indian summer,English
Il avait une barbe très longue.,French
The Yellow Peril,English
dakhlet la bourse wella mzl,Daridja
I can't believe I scored 95% on the exam!,English
"O Romeo, Romeo! wherefore art thou Romeo?",English
mazal 21 jrs 3la l exam zad chapitre hakka w mazlakoum ta9raaawww,Daridja
Talk the talk baby,English
W li rahom ygolo belli ra7 neba3ed,Daridja
Pourquoi es-tu si énervé ?,French
Pearls before swine,English
Gilt off the gingerbread,English
Le petit chaperon rouge.,French
White as snow,English
Up in arms,English
J'ai entendu un article très intéressant sur l'obsolescence programmée. ,French
Grist to the mill,English
3awent la bgha chwiya Bladi 9bal mankhrej,Daridja
C'est génial !,French
Chinese whispers,English
"Are you free this afternoon, my lady ?",English
Bells and whistles,English
I'll have your guts for garters,English
Les châteaux de la Loire sont magnifiques.,French
Fall off the back of a lorry,English
"Too much of a good thing turns it into a bad thing, ain't that right ?",English
Like it or lump it,English
il faut aussi préparer à manger.,French
"En arrivant à la ferme, ils rencontrent Louise l'oie.",French
Life in the 1500s - folk etymologies,English
Go to the dogs,English
Fools' gold,English
Sed9ouni rah Tchoufou bezaf la vieeee,Daridja
Bon appétit !,French
Where did you two meet ?,English
Pourquoi y a-t-il 2 tours ?,French
Ça va bien.,French
"C'est une journée pluvieuse, parfaite pour la lecture.",French
koul 3am w ntouma bkhir,Daridja
Hard lines,English
Nous devrions essayer ce restaurant français.,French
Lose your marbles,English
La cuisine française est délicieuse.,French
Wild goose chase,English
Ya rabi maychoufounache,Daridja
Il est agréable de flâner dans les marchés français.,French
"People say that he's gone crazy ... and some say that he turned into a wolf !The sun set behind the mountains, casting a warm glow on the horizon.",English
salam aleykoum ila kyn someone y9der y3awen,Daridja
Things that go bump in the night,English
sq nakdar nakol thon tomate ma rani nakol walo ghir thon,Daridja
Marahche ga3 jayeb khbar,Daridja
Don't have a clue,English
A drop in the ocean,English
"Bon kima 3labalkom kaml, corona rahi binatna",Daridja
za3ma ch3al tjini rani bghya had l 7achw w hadak design,Daridja
"En 2015 par exemple,",French
Selmili ala darkom kamel ,Daridja
Twenty four seven,English
Un système d'exploitation peut être vu comme un programme.,French
No names: no pack-drill.,English
Carbon footprint,English
Nul points.,English
Goulilha tkhef ro7ha,Daridja
Let your hair down,English
Khoya kira7 bghit n7ami 3lik Walakin,Daridja
Salem khoya Kayen wahad nssa lmoto,Daridja
Proverbs - A list of,English
It's high time,English
You can lead a horse to water but you can't make it drink.,English
kess tay w kess café noir ,Daridja
Rahi f la bib,Daridja
Les châteaux médiévaux français sont pleins de mystère.,French
"That's all she wrote, unfortunately.",English
Elle lit des poèmes pour Roger le pigeon.,French
Bale out/bail out,English
BALAK RABI YSEGEMHA 3LINA,Daridja
Ajouter à ce schéma les contraintes d'intégrité nécessaires.,French
w ana hadak genre ta3 bnyadam manahamlouch,Daridja
darlek haka 9rib wesslek l sbitar,Daridja
Balak Berk ichouf la publication izidlek ghadwa lyad lokhra lol,Daridja
Adam's ale,English
C'est passionnant.,French
Dawertilna gloubna brk  o9sembilah,Daridja
He who laughs last laughs longest,English
modifications continues (maintenance).,French
Une adresse est codée sur 32 bits ( 4 octets ).,French
Know which way the wind blows,English
"Par une matinée tout à fait normale, ",French
The Devil Incarnate,English
chfite kifech darlna el khatra li fatet ? ,Daridja
wchmen resources li tans7oni bihoum,Daridja
Zino nhar lyoum saha eidkom,Daridja
Mighty oaks from little acorns grow,English
Elvis has left the building.,English
Fancy pants!,English
Hbibna hdk raho hab ydirlk hkda wa9il mais f l'esi,Daridja
Une conte de fées.,French
Ya khawti nmet khessert rejim ta3i ftant direct,Daridja
Les verbes auxilières sont: être et avoir.,French
Compétitions internationales multisports (type jeux olympiques).,French
telechargiw la photo li tosslkom fal mail wkol sba7 diro t check in biha ,Daridja
My husband and I,English
Rani haba dok ana nji nederbek nederbek nederbek,Daridja
Course of true love never did run smooth - The,English
Est-ce que tu aimes les films d'animation français ?,French
Ana bdit regime aandi prsq 15jrs lpoid taai nafsou,Daridja
Est-ce que vous pensez que cela vous rend plus productif ?,French
Quand le ministre de la culture de l'époque l'a mise en place le 21 juin de cette année-là. ,French
Doff your hat,English
chhal men marra nechri nafs el haja,Daridja
Push the boat out,English
No room to swing a cat,English
Même notre pause déjeuner est souvent la même. ,French
Les cascades dans les montagnes sont un spectacle grandiose.,French
bah tchof prof y9ari man niytou online w ydir effort,Daridja
Win hands down,English
La tour Eiffel est magnifique la nuit.,French
ghir l bara7 khawetna f alger darbouhom,Daridja
Il est agréable de se promener dans les jardins français.,French
Vanish into thin air,English
The astronaut marveled at the vastness of space from the spacecraft's window.,English
"Il n'y a rien à gagner, rien à perdre. ",French
Why does bread always fall butter side down?,English
Bonjour à tous !,French
dans une petite ville normale.,French
n3awedou ntfakrou bli covid marahach khawti,Daridja
hadak lprof dima yadareb m3a martou f wa9t les exams,Daridja
"alhamdoulilah Rabi 9aderni,b nass lkhir",Daridja
Play by ear,English
Où est-ce que tu as trouvé ce livre intéressant ?,French
C'est la première fois que je visite ce pays.,French
Wlh ana tani farhana biik,Daridja
"W kol wa7d yji nharo inshallah, car Rabi Kayen. ",Daridja
marhba bikoum,Daridja
Have you tried to solve your homework by yourself ?,English
"Early to bed and early to rise makes a man healthy, wealthy and wise",English
"The sculptor chiseled away at the marble, revealing a masterpiece within.",English
Call of the wild - The,English
L'émission s'appelle 'CO2 mon amour'. ,French
kima jat lihom 9ader ji lina normal,Daridja
Slt l'équipe ra7 nbadlo kifach ndiro check in,Daridja
Les cafés parisiens sont pleins de caractère.,French
kayan haja hayratni ,Daridja
Age before beauty,English
galouli lcous louwel ydemarri 3a 7 w noss ...,Daridja
"Carine la cane, Louise l'oie et Roger le pigeon courent ensemble sur la route vers la ville.",French
"C'est une journée froide, idéale pour une tasse de chocolat chaud.",French
w les conditions etccccc,Daridja
In a cleft stick,English
"w darna w shabi, kdert nched trig sah",Daridja
The balance of trade,English
"C'est une belle journée ensoleillée, parfaite pour une sortie.",French
Lamb to the slaughter,English
maniche ray7a,Daridja
Carine la cane courent ensemble sur la route vers la ferme.,French
Les éclats de rire des enfants résonnent dans la cour de récréation.,French
"Neither fish nor flesh, nor good red herring.",English
Pourquoi ne pas essayer un vin français ?,French
Les étoiles brillent dans le ciel nocturne.,French
Pig's ear,English
C'est une journée ensoleillée et chaude.,French
Smoke and mirrors,English
Leopard cannot change its spots - A,English
"Après le travail, il est temps de faire des achats, ",French
nmout alik yemma rabbi ykhallik,Daridja
Play fast and loose,English
w7deh bghit brk  3ref wch rak 7at fih hada makan,Daridja
Ministering angel shall my sister be - A,English
C'est très simple et compliqué à la fois ! ,French
The scientist conducted experiments to unravel the mysteries of the universe.,English
All things come to he who waits,English
L'oiseau aimait le beau sourire de la baleine.,French
J'aimerais visiter la Provence un jour.,French
3lech haka 3lech welitou socialet bezaf,Daridja
Salut l3ibad...,Daridja
Man does not live by bread alone,English
Pourquoi ne pas essayer de faire du ski dans les Alpes ?,French
Hands down,English
Pourquoi ne pas essayer de déguster du vin dans une cave française ?,French
Il est important de comprendre la culture française.,French
kima sahbetha,Daridja
The nth degree,English
"Si vous êtes comme moi, ",French
Christmas box - A song,English
"Friends, Romans, Countrymen, lend me your ears",English
asme3 rak tchouf fel match hadek,Daridja
Fifteen minutes of fame.,English
Ch7al nmedlek masrouf ,Daridja
Congratulations on your promotion at work!,English
Scott (Sir Walter - phrases coined by),English
Dog's breakfast,English
"(man9derch nwriha l sa7bi Wella l familti, bah mayt7yroch 3liya)",Daridja
Pourquoi ne pas essayer de préparer un dessert français ?,French
Wlh matstahl ghr kol khirr,Daridja
"Space, the final frontier.",English
Last straw - The,English
Eat drink and be merry,English
malguitche haja t3awedha,Daridja
lchghol mli7 ytwl.,Daridja
Salut tout le monde ! dit Louise. ,French
"Les petits poissons dans l'eau nagent, nagent, nagent, nagent.",French
le prototype non-jetable,French
"wellah rir Html makansh elabali wsh maentha ,",Daridja
Hoity-toity,English
et les déposer à l'école. ,French
Win one for the Gipper,English
Dock your pay,English
What's in a name? That which we call a rose by any other name would smell as sweet,English
Body - phrases related to the human body.,English
"Je fais une glace de Noël, elle est rouge, verte et blanche.",French
As queer as a nine bob note,English
Habit n9olk bli le service minimum  ta3 cous  bouraoui  ,Daridja
Drink like a fish,English
Où vas-tu ? Pourquoi as-tu si peur ?,French
Les éclats de rire des enfants résonnent dans la cour de récréation.,French
"Sder bel L7am Mafroum,",Daridja
ou en regardant notre émission préférée à la télévision.,French
wech darou f resto ??,Daridja
Comment ça va aujourd'hui ?,French
Ki prif maydirch khadmto ndirha ana  ???????,Daridja
One for the road,English
Ya khti sahla mahla ajbdi bidoun,Daridja
"wla hab tlh9 l hadja rahi f 9lbk ,  ",Daridja
Elles sont exprimées à l'aide de douze chiffres hexadécimaux.,French
The love that dare not speak its name.,English
Wa9iL KhrejT rSulTa Ta3 BaC,Daridja
Pourquoi ne pas essayer de faire du vélo le long des canaux français ?,French
C'est étrange.,French
Cook the books,English
"Il y a des cheveux chatins, noirs, roux et marrons.",French
Buckle down,English
On the wagon,English
The shot heard 'round the world,English
Pourquoi ne pas essayer de faire du vélo en France ?,French
tsgmt lablad wa9il ?,Daridja
localiser les erreurs (grâce à la forte cohésion).,French
The architect designed a modern skyscraper that stood out in the cityscape.,English
Surfing the Net/surfing the Internet/surfing the Web,English
e que j'aime particulièrement à propos de la tour Eiffel,French
Let there be light,English
Word association football,English
Get a word in edgeways,English
A diamond is forever,English
Alive and kicking,English
Comment trouve-tu la cuisine française ?,French
fi messreghin stp Ida jabohelkom teflechoh gololi,Daridja
"To be or not to be, that is the question",English
Chop-chop,English
I'm 23 years old.,English
Give a man a fish and you will feed him for a day,English
Fine as frog's hair,English
Baby boomer,English
C'est une journée ensoleillée.,French
nahat el hidjab,Daridja
Fall from grace,English
According to Hoyle,English
C'est merveilleux.,French
Il est important de pratiquer une langue régulièrement.,French
It's all grist to the mill,English
CBon L7a9 lwa9t win n9olelkom Salam,Daridja
Oh non ! Ça doit être vrai !,French
cbon banetli hadak howa l7a9 lwa9t bach nglkom by by ensaw esmi,Daridja
Les introvertis préfèrent rentrer chez eux aussi vite que possible.,French
Les éclats de rire des enfants réchauffent le c?ur.,French
All that glitters is not gold / All that glisters is not gold.,English
Les éclats de rire résonnent dans la salle.,French
C'est une bonne idée.,French
Meat and drink,English
nsa9sikom li yo9a3do f les boxs ychofo les series  wela ya9raw ?,Daridja
Je mets la nappe de Noël sur la table. ,French
Butter wouldn't melt in his mouth. But it can melt in his hands !,English
Il pleut.,French
The recipe calls for three cups of flour.,English
Power corrupts; absolute power corrupts absolutely.,English
Pleased as Punch,English
A bunch of fives,English
The road less travelled,English
The fat of the land,English
Bed of roses,English
ou simplement se détendre en lisant un livre ,French
"C'est une journée ensoleillée, parfaite pour une balade à vélo.",French
C'était une expérience inoubliable.,French
Fair and square,English
Put your best foot forward,English
Ah wah nti machi normal fi rassek,Daridja
Folk Etymology - The Nonsense Nine,English
A plague on both your houses,English
L'écrivain a utilisé des mots français dans son roman.,French
Blot on the landscape,English
wlidou tayer w bentou 3a9la,Daridja
kayan 1000 haja dirha,Daridja
mahich khadma ta3 rjal,Daridja
Kettle of fish.,English
Better to have loved and lost than never to have loved at all,English
nahit kolch 9olt maalichh lsnsl la taille f la fin man9ost hêtta kilos,Daridja
Jump the shark,English
"Le réchauffement de la planète, etc.",French
"Hello, my name's Harry.",English
tazwak hadak akol,Daridja
Ps : wesh kont tdir f dhelma hadik  ?,Daridja
mahabetche twelli ,Daridja
t9al3oulna fi 9albna m3akom pfffff,Daridja
can you tsawrili wech dertou f td bdd ??,Daridja
Quelle heure est-il madame titile ?,French
History is bunk,English
Et vous ?,French
The marathon runners persevered through the challenging course with determination.,English
Il est important de bien dormir la nuit.,French
Many a true word is spoken in jest,English
,French
Pour aller au travail on peut marcher ou alors conduire ,French
Pourquoi ne pas apprendre le français ?,French
twahachtak bezaf  man sabni m3ak même felkobr,Daridja
"Il s'assoit sous un arbre, sort son ordinateur portable et recommence à écrire.",French
Les larmes de ses yeux n'ont jamais arrêtés de couler.,French
Le ciel est en train de tomber ! ,French
chrite khatem jdid,Daridja
Nice as ninepence,English
Combien ça coûte ?,French
LE CIEEEEEEL EST EN TRAIN DE TOOOOOOMBER ! ,French
"C'est une journée pluvieuse, idéale pour rester à l'intérieur.",French
Où as-tu acheté ce magnifique chapeau ?,French
3andou f rass,Daridja
Hadak chami t3 dely brahim li kaml 9alo b'in,Daridja
Fruits of your loins,English
Il a si peur qu'il laisse tomber son toast dans son café. Plouf !,French
Rabi yakhd m'en Di leblad l7a9,Daridja
Open season,English
Où allez-vous ? Pourquoi avez-vous si peur ?,French
Back to square one,English
"Wlh derba fiya derba fihh ,",Daridja
"En s'inscrivant, le volontaire accepte de relever le défi. ",French
Petit Poulet mange son petit-déjeuner dans la cuisine. ,French
Et le second tour aura lieu le dimanche 7 Mai. ,French
Jim and Pam had a child : they named him Peter.,English
"Some men are born mediocre, some men achieve mediocrity, and some men, have mediocrity thrust upon them.",English
Une spécification d'interface,French
Break the ice and get into in.,English
Wellah ma kount naerf wesh ma3netha,Daridja
Over the top,English
La grotte est vide.,French
qu'ils seront utilisés pour l'indexation.,French
"Where do you live, sir ?",English
Freezing temperatures,English
Graveyard shift,English
L'attribut machine de TD prend la valeur.,French
Take umbrage,English
NTI kifech hallitiha,Daridja
ktbet Aliya Ani nokhrej parceque tadlamt bzaf fi had lard,Daridja
What's the capital of France?,English
A foot in the door,English
How much did you score ?,English
Mad as a hatter,English
kayan jma3a haba tafham,Daridja
"The old man sat on the porch, reminiscing about the good old days.",English
Not for all the tea in China,English
Inchallah towasslou qbel lil,Daridja
lazem tseeyi tcontacti leabed,Daridja
nti hbati tchri l ma w howa mryh,Daridja
"Petit Poulet vit dans une petite maison de poulet normale, ",French
lyoum wehdha khawnolha telephonha,Daridja
Donc n3agb par expl wahd ta 8 wrah wahd 4 wrah wahd 8 whia rayha,Daridja
wach n9olek hado lazem Ndaho bihom machi b lkbach wlh,Daridja
Nti mrida tkablou kolchi wtkhaltou n'importe qui,Daridja
W WAHED JAYEBHALI BEL WATANIYA 3LA JAL YERJA3 YE9RA,Daridja
Start from scratch,English
Shall I compare thee to a summer's day?,English
Les éclairs illuminent le ciel.,French
A stone's throw,English
Turn a blind eye,English
Les étoiles scintillent dans le ciel étoilé.,French
ano des mafia kima hadok 7akmohom. ,Daridja
Where there's muck there's brass,English
On a atteint 8 milliard dans la planète.,French
ila waslah msg yji 9ahwat lou7 yas9si 3liha,Daridja
Trick or treat,English
J'adore la nature.,French
The opera ain't over till the fat lady sings !,English
Pourquoi ne pas essayer de faire du vélo le long de la côte française ?,French
"(An) eye for an eye, a tooth for a tooth",English
"La vie est belle, n'est-ce pas ?",French
Go and boil your head,English
Beelzebub has a devil for a sideboard.,English
(Ne'er) cast a clout till May be out,English
For all intents and purposes,English
"Encore une fois, cela dépend si on a des enfants ou non. ",French
"Families gathered around the fireplace, sharing stories on a cold winter night.",English
Dollars to donuts,English
Tongue in cheek.,English
"Cela peut être partager un repas en famille, ",French
Quelle est ta région française préférée ?,French
The usual suspects,English
Je ne peux pas respirer !,French
"Eh oui, c'est toujours un dimanche !",French
salam kech site ntelechargiw mennou les series,Daridja
From sea to shining sea,English
Ya sidi rak faragh chghol,Daridja
Elle est fière de ses petits garçons.,French
"saha aidkoum ,",Daridja
"Toutes les activités qu'on fait pour soi, ",French
Game of two halves,English
Three strikes and you are out,English
"Une fois arrivés au 2ème, quel bonheur!",French
"What's up, tech enthusiasts? ",English
Retours-arrière qui peuvent être coûteux (effect tunnel).,French
Fashion victim,English
By and large,English
Every cloud has a silver lining,English
The baker skillfully crafted a tiered cake adorned with intricate decorations.,English
La première personne qu'il rencontre dans la rue est Pauline la poule. ,French
Bag and baggage,English
A rolling stone gathers no moss,English
zam3a cartier ta3 li ykhdmou f l education,Daridja
Je suis perdu.,French
Come up trumps,English
Il est agréable de prendre un café en terrasse.,French
Close your eyes and think of England.,English
A legend in one's own lifetime,English
"ou utiliser les transports en commun, comme le métro, le bus, le train. ",French
ha win ray7iinn winnnnn biha hakka,Daridja
Suivez-moi !,French
hatetelna photo kimk wra lghda ta l3id,Daridja
It's not rocket science,English
Gone for a burton,English
Beauty is only skin deep,English
Excuse my French,English
"C'est une journée ensoleillée, parfaite pour une sortie en plein air.",French
What's the price of the latest iPhone model?,English
Plates of meat,English
Je veux aller à la salle de bain.,French
Children giggled and played in the vibrant playground on a sunny afternoon.,English
LE CIEL EST EN TRAIN DE TOMBER ! ,French
Pie - as easy as,English
Now let's check out Boston Dynamics' Spot ,English
A woman's place is in the home,English
Les étoiles scintillent dans le ciel étoilé.,French
Where did you find such a beautiful necklace?,English
"Oh no! I forgot to bring my umbrella, and it's raining.",English
"Alas, poor Yorick! I knew him, Horatio.",English
The - unkindest cut of all,English
In the red flag.,English
(Take with a) pinch of salt,English
Les éclairs illuminent le ciel pendant l'orage d'été.,French
Stranger danger,English
saha remdankom,Daridja
A nest of vipers,English
fiha drodj twal ,Daridja
"Families gathered for a festive dinner, sharing laughter and joy.",English
The apple of my eye,English
ha n9olelkoum efsa .. ,Daridja
w kayn li wa9il rah radi b les résultats ta3 l hirak,Daridja
salam benti wech raki labess ?,Daridja
"The astronomer gazed through the telescope, exploring the mysteries of distant galaxies.",English
Ne'er do well,English
Richard the Third,English
Les étoiles filantes traversent le ciel nocturne.,French
"La vie de tous les jours, c'est souvent répétitif, ",French
Haven't got a clue,English
Card-sharp,English
Il aimait la façon gracieuse qu'elle avait de nager dans l'eau.,French
Famous last words (dying statements of famous people - a list),English
Shakers and movers,English
La musique française a une mélodie unique.,French
crient-ils tous ensemble.,French
dir kamel wesh hab tet3lmou,Daridja
capable t'acceptik w capable no,Daridja
Il est agréable de passer du temps dans les cafés français.,French
Pourquoi ne pas essayer une nouvelle recette de pâtisserie française ?,French
C'était un jour férié en France.,French
Do unto others as you would have them do to you.,English
ASIMO seamlessly blended elegance and functionality with its remarkably human-like mobility.,English
dakhletli chahria,Daridja
Charmed life,English
Ils aimaient tous les deux manger beaucoup de petits poissons.,French
In the twinkling of an eye,English
Pourquoi ne pas essayer de visiter un village français pittoresque ?,French
"Il fait froid, n'est-ce pas ?",French
Man's inhumanity to man.,English
whda chhal fiha men caloris,Daridja
wa9il rah nhabes,Daridja
"Pour ne pas être déprimé par le métro boulot dodo, ",French
tol 3la el sa7a el faniya nn,Daridja
man nadra ta3ak machi kamal ykhamo kifak,Daridja
Wear the trousers!,English
How do you do?,English
Fine words butter no parsnips.,English
Projet complexe et/ou critique avec risques.,French
Merci beaucoup.,French
Khrej wehdou w 9rib rataha,Daridja
Qu'est-ce que vous faîtes pour Noël ? ,French
ya kho ana rani nahki wash chaft,Daridja
Long in the tooth,English
Comment ça va ?,French
(7acha li maysstahloch) ,Daridja
heda wa9il jabouh clown yne7i 3la les joueures,Daridja
Excusez-moi.,French
darkom labess khawtek ga3 ca va ?,Daridja
Wikta tetlagna,Daridja
Touch with a barge-pole - Wouldn't,English
wech 7walkom ? ,Daridja
Season of mists and mellow fruitfulness,English
Pip - Get the/got the /have the,English
Les rivières françaises offrent des paysages paisibles.,French
It came like a bolt from the blue,English
"C'est une journée ensoleillée, parfaite pour un pique-nique.",French
momba3d yjo chi ghashi,Daridja
ou makethroch men l7am hein !,Daridja
The hair of the dog that bit you,English
Aren't you two related ?,English
On n'a pas le temps pour la poésie.,French
3andi les gaz f kerchi w zedet kharjet ktar men li kanet,Daridja
Something for the weekend sir?,English
Generation X,English
Knight in shining armour,English
On mange souvent avec les mêmes collègues. ,French
Je suis content.,French
netlagaw ce weekend nchallah,Daridja
Les éclats de rire des enfants sont contagieux.,French
"(nchlh maykoun ghir lkhir),",Daridja
"ness li ydjiw l abn w yero9do,",Daridja
"There but for the grace of God, go I",English
Tomorrow is another day,English
Pendant une semaine.,French
ra7 n3od ndir mindak des FreeStyle,Daridja
awra kima hadi Alah yakta3ha,Daridja
ma 3endkoumch karama ni ma3na,Daridja
"kebda , merguez",Daridja
No more cakes and ale?,English
Insérer le cours et les types.,French
"Hey, let's play some minecraft tonight.",English
"GHADWA MAFIHACH GRÈVE FE L'ESI,",Daridja
3awed checki hada spott madabik,Daridja
"Après les desserts, nous nous reposons dans le salon.",French
elmohim rabi m3akom hadi hiya el3ibad m3afen rabi wkilhom,Daridja
"S'il vous plaît monsieur, comment aller à la forêt ?",French
Women and children first,English
Où sont passées mes lunettes de soleil ?,French
Ki nkbaro nhiro wch sari,Daridja
More bang for your buck,English
Davy Jones' locker,English
Bacon - Bring home the,English
Warts and all,English
c'est un processus de reflexion pour la résolution,French
"Mais ne vous inquiétez pas, les amis, je connais la cachette parfaite. ",French
"hemdoulah ya rebi ,",Daridja
"C'est une journée ensoleillée, idéale pour une sortie en plein air.",French
La flemme.,French
Beauty is in the eye of the beholder,English
Have you ever traveled to Asia?,English
Tooo big for your breeches,English
hekmatou el hemma,Daridja
Butterfingers,English
est-ce que vous aimez la routine ? ,French
Slt esq ki naawed nmarki nkhls lmondat brk Wla njib kml le dossier,Daridja
Crack of doom - The,English
Spare the rod and spoil the child,English
Je cite :  Quel est le principe ? ,French
Kayen li ykhafou 3ayn allah yssahal 3la koul wahed,Daridja
"If you think that, you have another thing coming ...",English
Ladies' room,English
Où est-ce que tu as mis tes clés ?,French
Rabbi maakom w li darha ykhelessha ghaaalya,Daridja
(malheureusement bla masstfadna menha).,Daridja
Les rivières françaises sont paisibles.,French
c'est bien de prendre le temps d'apprécier les petits moments.,French
Prick up your ears,English
Against the grain,English
Hada wesh tssalni l blad.,Daridja
hakka galet,Daridja
kech tssawer,Daridja
"Horse, a horse, my kingdom for a horse.",English
"Papa, j'ai soif !",French
Plain sailing,English
ntmena mdjmi3 whd 9dim wla jdid ,Daridja
( li ypi3o telephonate),Daridja
Expliquer les requêtes suivantes,French
"3la 7ssab mon exp (li m3ndha hâta m3na bnissba lel ba3d),",Daridja
"Le long de la route, à travers le champ et en haut d'une colline. ",French
Many a little makes a mickle,English
Let the cat out of the bag,English
Kount n9ol jamais ha nt3lm hada ,Daridja
azul fellawen ,Daridja
Grace of God - There but for ...,English
Les palesténiens vivent dans des conditions misérables.,French
Bee-line - make a bee-line for,English
Pourquoi ne pas essayer la pâtisserie française ?,French
had lmarra zelguet menni,Daridja
Turn of phrase,English
Household words,English
Could you please answer the phone ?,English
Flesh and blood,English
okol kayan li yadironja matchofach lhala ,Daridja
El Djelfa rahi deyra el buzz,Daridja
ASLAN TERBA7 GHIR L3AYB ,Daridja
Jack - phrases that include the name Jack,English
ça va bien ?,French
Get off on the wrong foot,English
The temperature dropped to -5 degrees last night.,English
Il faut prendre le train pour aller là-bas.,French
Run of the mill,English
C'est magnifique !,French
Never-never land,English
The moving finger writes,English
It's raining cats and dogs!,English
Je suis fatigué.,French
Wech raykon fel bescuit hada,Daridja
the 9th degree.,English
A woman needs a man like a fish needs a bicycle.,English
Knock off,English
The fashion designer showcased a collection that pushed the boundaries of creativity.,English
marhba bikom,Daridja
"Le volontaire s'engage à ne pas utiliser ou acheter des produits emballés (plastique, cellophane?), ",French
Tu devrais lire ce livre fascinant.,French
Back to basics,English
Riding shotgun,English
une séquence est une sous séquence d'une autre,French
Two cents worth,English
Qui décrit la gestion simplifiée des enseignements.,French
Mn nhar lowl li dkhlt Fih l'esi,Daridja
"My flight is at 7:30 AM, so I need to leave early.",English
The customer is always right,English
La fenêtre s'ouvre soudainement ...,French
Slm khoya tqdr t7tli  hadou lel bi3,Daridja
Les éclairs illuminent le ciel pendant l'orage.,French
"Chaque jour, on se lève tôt le matin. ",French
Il est difficile de prononcer certains mots français.,French
Bread always falls buttered side down,English
A la fin de l'émission le présentateur passe quelques messages.,French
Quand est-ce que tu rentres à la maison ?,French
Put up your dukes,English
Should I drop you in here ?,English
"Il voit une histoire terrifiante avec un titre terrifiant, ",French
esq nrml nakoul whda fel ftour berk ??,Daridja
kech afkar te3 decor ,Daridja
"If you can't stand the heat, get out of the kitchen",English
"Il n'est ni grand, ni petit. ",French
Coucou les gens.,French
Winter drawers on,English
avec les 16 lignes du tableau ci-dessous,French
edhab rah yemchi w yzid yeghla,Daridja
Comes to the crunch - (When it),English
I can't find my keys anywhere; have you seen them?,English
Fell swoop - At one day,English
Pourquoi ne pas essayer de cuisiner une spécialité française ?,French
Slam rani baghya ncmondi kima hadi pour 10 person,Daridja
seb7ane allah,Daridja
"En général, il fait très chaud le jour de Noël en Australie. ",French
Happy slapping,English
Jabolna khobz na9es klaw meno deja,Daridja
Here lies one whose name is writ in water.,English
"Friends embarked on a road trip, eager for adventure and new experiences.",English
Less is more,English
Necessity is the mother of invention.,English
For ever and a day,English
(The) penny drops,English
Bech wahed mayzid ytemeskher bikom,Daridja
"Machi lazame tahdar, afarhilha o khelasse",Daridja
mais c'est aussi rempli de petits moments de bonheur et de joie. ,French
Mezlt ma9ritech hadak l cour,Daridja
"Dans la salade, il y a de la laitue, des tomates, des pommes de terre et du poivron. ",French
Petit Poulet et Pauline la poule courent alors ensemble sur la route vers le marais.,French
It is meat and drink to me,English
The poet penned verses that captured the essence of love and longing.,English
Fanny Adams - Sweet,English
Star-crossed lovers,English
I'm stumped and shocked,English
Got my mojo working,English
Les éclairs zèbrent le ciel pendant l'orage d'été.,French
C'est trop cher.,French
Les étoiles scintillent dans le ciel étoilé.,French
I'll be there with bells on,English
Wa9il chaf les photos tawa3na haya 3ajbatou moldova,Daridja
As easy as pie,English
The proof of the pudding is in the eating,English
"Le mois dernier, j'ai cuisiné le gâteau de Noël. ",French
kch groupe telegram t9raw fih wt7ato fih les sujets,Daridja
Have you ever met a celebrity in person?,English
Keep up with the Joneses,English
Sma nhdbo bles seamines,Daridja
Quelle est ta ville française préférée ?,French
"L'été dernier, nous avons visité Paris.",French
Dressed to the nines,English
Stop! Don't open that door without permission.,English
C'est la vie.,French
marahch yhez ,Daridja
"Bonjour, Petit Poulet ! dit Pauline.",French
C'est un rêve.,French
chkon khir min na7iyat resources w mna...,Daridja
The cut of your jib,English
Wellah danya la madirch 9imak l ro7ak wahad la ydirhalak.,Daridja
Keep at bay,English
"Mon grand-père a 10 vaches, 20 agneaux, et 30 poulets.",French
P.D.Q. - pretty damn quick,English
bah ngolo nta les hommes,Daridja
You're invited to our housewarming party on Saturday.,English
Les éclairs illuminent le ciel pendant l'orage d'été.,French
"bkito fi 7yati,",Daridja
What's the capital of Australia?,English
Trouver le nombre de contrôles positifs par athlète.,French
Pourquoi ne pas essayer de visiter un marché français ?,French
Why did you choose this career path?,English
Boogie-woogie,English
Quel est ton sport préféré ?,French
Politically correct,English
No quarter given,English
"En arrivant au marais, ils rencontrent Carine la cane. ",French
Le ciel ne nous tombera pas dessus ici. ,French
LA GRÈVE MAHABSATCH MAZALHA MKAMLA.,Daridja
Il était un enfant très talentueux.,French
Disent Petit Poulet et Pauline ensemble.,French
(The) order of the boot,English
Les musées français regorgent d'histoire.,French
Lackadaisical,English
Freeze the balls off a brass monkey - cold enough to,English
Où est la plage ?,French
"He meticulously arranged the books on the shelf, creating a perfect display.",English
La cuisine française est réputée pour sa délicatesse.,French
Ecole Supérieure en Sciences et Technologies de l'Informatique et du Numérique,French
Loose lips sink ships,English
Soit le schéma objet ci-après.,French
Stp khoya partagiha ,Daridja
Il y a assez de place pour tout le monde !,French
"A lone wolf howled in the distance, echoing through the silent forest.",English
ya kho ana manekdebche alik,Daridja
Ends of the earth - The,English
Stop shouting! I can hear you just fine.,English
gallek lweekend ljay tssob chta,Daridja
w hewedti mn loto .,Daridja
ghir fahmouni kifach rahi tbanelkom ,Daridja
A house divided against itself cannot stand,English
"The hiker reached the summit, taking in the breathtaking view from the peak.",English
correspondante au schéma conceptuel ci-dessous ,French
On the warpath,English
wah ki rak khouya ghaya,Daridja
Whole-hearted,English
"Pour certains, si vous avez des enfants, vous devez aussi les préparer, ",French
Is the Pope Catholic?,English
Raspberry tart,English
Yemma kherdjet lbarra ,Daridja
Les montagnes sont recouvertes de neige.,French
Bee in your bonnet,English
plusieurs modifications vont être apportées,French
Nssiti bech teddi sachet l mamak,Daridja
GHIR KOUNKOM HANYIN,Daridja
How are the mighty fallen?,English
The fly in the ointment,English
It moves around like a champ! ,English
On décide d'ajouter au voilier décrit à la question précédente.,French
"Déjà, j'aimerais réécouter cela sur le site internet de France Inter quand j'aurai le temps.",French
Bunch of weirdos.,English
Devil take the hindmost - The,English
7a tetla9aw bzzf 3ibad hkda,Daridja
Les étoiles brillent dans la nuit étoilée.,French
HADA SBAB L'ALGERIE LI GA3DA TALYA NTOUMA W NAS LI KIMA NTOUMA,Daridja
salam 7abit nspoti hadak lbanadam li rah mconsomi,Daridja
Quel est le mot français le plus difficile à prononcer ?,French
Les cascades dans les montagnes sont impressionnantes.,French
Kechma htejti ?,Daridja
Chit-chat,English
ramdan had l3am ,Daridja
Une Conception générale,French
Cold enough to freeze the balls off a brass monkey.,English
Les éclairs zèbrent le ciel pendant l'orage d'été.,French
High horse - get off your,English
Pull up stakes,English
Penny saved is a penny earned.,English
kach mahakmin 3likoum ??,Daridja
kesh oukla bninaaaa ???,Daridja
7bibi 3ach men chafek hadi ghiba,Daridja
My name's Bond. James Bond.,English
"En fin de compte, ",French
derna ftor fooor lyoum,Daridja
Pourquoi ne pas essayer une nouvelle recette de cuisine française ?,French
Genius is one percent inspiration and 99 percent perspiration.,English
Nombre d'hôtes par réseau (adresses utilisables).,French
Absence makes the heart grow fonder,English
Mes parents boivent du thé. À Noël nous mangeons toujours trop.,French
il faut les promener avant de partir au travail.,French
(By the) skin of your teeth,English
c'est souvent ce qu'on appelle la routine. ,French
esq c possible nbloki mor  le mois de ramadan ?,Daridja
CBon khawti rani khdiit 9arari Elli howa nhbss El RAP,Daridja
What you see is what you get - wysiwyg,English
yaw fi9ou dakoumm lwad fi9ouuuuuuuuuu,Daridja
The die has been cast,English
Vraiment ? Comment le savez-vous ? demande Roger.,French
RANA NE9RAK FI HAJA ASLAN MAKACH MENHA KEBRO CHWIYA,Daridja
Below the salt,English
Le soleil se couche lentement à l'horizon.,French
Cold shoulder,English
Don't go there,English
Can you believe we've known each other for 15 years?,English
rabi yarahmek yemma,Daridja
"cette routine peut se résumer en trois mots : métro, boulot, dodo. ",French
"Hark, hark! the lark at heaven's gate sings",English
C'était une expérience culinaire exceptionnelle.,French
As pure as the driven snow,English
il y a 120 pays dans le monde qui ont repris l'idée de la Fête de la Musique.,French
Où as-tu appris à cuisiner comme ça ?,French
Ps and Qs - Mind your,English
A load of codswallop,English
Il est agréable de flâner dans les marchés français.,French
Réalisation et test d'intégration,French
Créer les types correspondant à ce diagramme UML.,French
The chef skillfully prepared a gourmet meal that delighted the taste buds.,English
Le garçon va à l'école.,French
Like the clappers,English
lyoum choft wahda dir hijab 3andeha lahja nta3 wahda mal gharb,Daridja
Rana dayrinelkom promotion hbaaal ! ,Daridja
"Something old, something new, something borrowed, something blue.",English
Whole nine yards - The,English
He's got a third degree burn. Poor man !,English
The bustling city streets were alive with the sounds of honking horns and chatter.,English
Khada3ine maysfawach m3a rabi,Daridja
Dieu merci.,French
C'est délicieux.,French
Il n'est ni intelligent ni stupide. ,French
Did you watch the new Barbie movie ?,English
The female of the species is more deadly then the male,English
hadi hia trig li nfout menha koul youm,Daridja
Il est agréable de se promener le long de la Seine.,French
C'est bizarre.,French
Boss eyed,English
"Balak kechma ybedl fikom, w fiya inshallah",Daridja
loukan zad chwia ykserlek ydek !!!!!!,Daridja
Le globe terrestre.,French
"Keep secure, little warriors !",English
mazalha mkamla w manach mhabsin,Daridja
Sixes and sevens - At,English
Les extravertis aiment passer du temps à l'extérieur. ,French
yjib chbab bzf tricot hadek,Daridja
Tous les enfants aiment jouer.,French
"hasbin roh'hom 3aychin wahedhom. 9albi dar, ",Daridja
ramdan karim,Daridja
Red sky at night ...,English
rahi tdir bzf had lyamat,Daridja
"Waves crashed against the shore, creating a rhythmic melody of nature.",English
Où est la gare ?,French
avanci chwia douk telgah temma,Daridja
Get on my wick,English
li ykon ya9ra w ychof nas zadma,Daridja
C'est fantastique !,French
"w nakrah kol 7aja 3andha 3la9a biha Wella tfekrni fiha, ",Daridja
Run a mile,English
jeweznaha w 9olna ma3lich,Daridja
Ce nombre décimal représente une valeur entre 0 à 255.,French
"Frailty, thy name is woman",English
Lokan ana natla3 nkhlteha 3lihom w njib wa7da manhom tna9iha,Daridja
li nawi ghdwa yji bach yrayah bera wela ychad 2 playes,Daridja
rani rayeh net3acha,Daridja
zedet hiya habtat bech techri lma,Daridja
Ça suffit.,French
Pourquoi ne pas essayer une nouvelle recette de cuisine française ?,French
Pourquoi ne pas essayer une recette française ?,French
Wild and woolly,English
wa9il hadi khiir ??,Daridja
Elle est trop belle.,French
Mad as a march hare,English
Caught by the short hairs,English
Tail wagging the dog - The,English
Rumpy-pumpy,English
Michael is the best boos ever.,English
A sorry sight,English
Sound out,English
The mutt's nuts,English
rahi yahafdek khouya,Daridja
Put your back up,English
wela NTI Ida ma Kayen walo binatkom kifech 9 mois ma tetlakawch,Daridja
Pour les enseignements nécessitant un vidéoprojecteur.,French
"Puis à minuit, on allume la grande fouée de la St Jean.",French
Je t'aime.,French
Comment tu le trouve ?,French
Quel est ton plat français préféré ?,French
C'est drôle.,French
w makoumch ha dirouhoum kamal m3a proff ,Daridja
Les éclats de rire sont la meilleure thérapie.,French
A fool's paradise,English
fi hadik dkika tahbti man tomobile ou matwalich lour kml ,Daridja
Comment trouves-tu la culture française ?,French
Four corners of the earth,English
kriit w cheftha kima f ls photos,Daridja
Grib nossel wejdou rwahtikom,Daridja
C'est délicieux !,French
Les rues de la vieille ville sont charmantes.,French
Il était une fois ...,French
Soixante six-mille et cinq-cents quarante trois.,French
I can't wait for the weekend to relax.,English
Pourquoi ne pas essayer une nouvelle recette de pâtisserie française ?,French
Top notch,English
Say cheese!,English
Female of the species is more deadly than the male.,English
Students eagerly listened as the professor shared insights during the lecture.,English
Famous last words (the ironic phrase).,English
hakka hab y9oul ey wahad ya93d f edar w ya7fad ywali tbibbb,Daridja
Beat a hasty retreat,English
Je l'ai vu sur Internet ! dit Petit Poulet.,French
Chain is only as strong as its weakest link - A,English
Oh my goodness! Look at that adorable puppy!,English
Nous ne le savons pas vraiment. ,French
All fingers and thumbs and toes.,English
"Si vous avez un ou plusieurs chiens, ",French
Angry young man and a senior citizen.,English
What are you doing here Tom ?,English
Et Wellah ya khawti bli fhad denya hadja ma impossible I swear ... ,Daridja
The orchestra played a symphony that transported the audience to another realm.,English
C'était une journée pluvieuse et froide.,French
Curiosity killed the cat,English
"Avant le déjeuner, je mets les assiettes, les verres, les fourchettes, les couteaux et les cuillères sur la table. ",French
Many are called but few are chosen.,English
Put the wood in the hole,English
J'ai acheté une nouvelle robe aujourd'hui.,French
L3am hadak ali ma7abch yakhlass enfin khlass,Daridja
C'est trop mignon.,French
asber mor les Cis wa etlg had spot balak tbedl rayek,Daridja
The philanthropist dedicated their life to making a positive impact on society.,English
W hassbiya Allah w ni3ma lwakil.,Daridja
You'll wonder where the yellow went when you brush your teeth with Pepsodent.,English
Your name is mud,English
Fight fire with fire,English
Li y3ref kifch nrouh mn bbz l dar El beida a pied  bla mnjouz 3la stop y9oli svp,Daridja
Tempest in a teapot,English
darou film pour enfants f mbc 3,Daridja
As fine as frog's hair,English
J'aime lire.,French
"Verbosity leads to unclear, inarticulate things.",English
"Wow, that was an amazing performance!",English
Le film était captivant de bout en bout.,French
Quel est ton artiste français préféré ?,French
"Bonjour, comment ça va ?",French
wella fi la chaine nta3i,Daridja
Bsh 3lach twarilna hna tani,Daridja
Keepy-uppy,English
Life's not all beer and skittles,English
You can't teach an old dog new tricks.,English
"En 2017, premier tour des élections est fixé au dimanche 23 Avril.",French
Alors l'année dernière nous avons déjeuné dans le jardin.,French
"discuter avec nos amis, ",French
wlh yaw jit mennek ndir haka,Daridja
J'habite à Lyon.,French
l9ak 3a9la bezaf koun fl blas hatitilah wsakh wednih,Daridja
Spécifications et analyse,French
L'adjectif suit son nom en nombre et en genre.,French
Where did the mouse hide ?,English
kelektini ysewed sa3dek,Daridja
Nine days' wonder,English
A fish out of water.,English
Dog is a man's best friend,English
Salam oualikoum wa rahmat ellah wa barakatouh,Daridja
It's better to light a candle than curse the darkness.,English
"S'il vous plaît, comment aller à la banque ?",French
Out of the mouths of babes and sucklings.,English
What's your favorite book of all time?,English
Hand over fist,English
Man who is his own lawyer has a fool for a client.,English
Behind every great man there's a great woman,English
il y a toujours des choses à faire. ,French
Main chance,English
The concert starts at 8 o'clock sharp.,English
"Maman, j'ai faim !",French
Voici ses devoirs: un déjeuner de Noël typiquement australien.,French
C'est dommage.,French
Men's evil manners live in brass; their virtues we write in water.,English
(Ask not) for whom the bell tolls,English
Il est important de respecter les traditions.,French
trig twila matekhlasche,Daridja
À la prochaine.,French
Slm khawti voila 3andi wahéd sahbi rahou mrid,Daridja
Don't forget to bring your passport for the trip.,English
Wlh c grave mazalo kayan nas hak hawji,Daridja
The comedian delivered jokes that had the audience roaring with laughter.,English
Il est agréable de se promener dans les jardins français.,French
hka bah maylas9ouhach fina wla yalgawna seba biha bah yhabsouna.,Daridja
wekteh nebda ndakhalalha djej w l7am?,Daridja
Les rivières françaises serpentent à travers la campagne.,French
Shot heard 'round the world.,English
How do you find your food sir ?,English
Donnez le code nécessaire pour réaliser cette opération.,French
"Ouest France (en fait, le plus grand journal régional français).",French
"3la hada decidit nkhali kolch men wraya,",Daridja
A safe pair of hands.,English
Is honesty really is the best policy ?,English
Ena dok nroh nmout,Daridja
How many siblings do you have?,English
Mutt's nuts - The,English
Mais je vais vous dire une chose : Gérard le Renard est très heureux. ,French
"Goody, goody gumdrops",English
"Quand on est finalement à la maison, ",French
( Ma9rouna bel 3allouche Krouma ),Daridja
Thorn in the flesh,English
Without let or hindrance,English
Latin Phrases,English
High on the hog,English
Jma3a li raha tgol makonach nharcho,Daridja
Pourquoi ne pas essayer de danser sur de la musique française ?,French
Drop-dead gorgeous,English
Les éclats de rire sont le meilleur remède.,French
Mon étudiante par Skype Robyn est Australienne.,French
"Mais après ça, vers la fin de l'émission.",French
Horse and cart,English
Put your nose out of joint,English
Le régime stationnaire.,French
Son mandat durera 5 ans.,French
The train is scheduled to arrive at 3:45 PM.,English
C'est un monsieur de l'association ?Tous dans l'même bateau' ,French
saha eidkom la fam,Daridja
Different kettle of fish,English
Les éclats de rire sont une musique joyeuse.,French
"Non, pas du tout.",French
bech ychoufou niveau ta3ek,Daridja
Did you see the stunning sunset yesterday?,English
"Il est où le bonheur, il est où ?",French
Adressage IPv4 (logique).,French
Elle est très jolie.,French
Above board,English
w mazal raki tsa9ssi w ga3,Daridja
Slt goulili kifah mn tafora nosel la BN svp,Daridja
Fall on your sword,English
"He who can, does; he who cannot, teaches.",English
Hot off the press,English
hadik tatfatat whdha !,Daridja
Vraiment ? Comment le sais-tu ? demande Pauline.,French
A fish rots from the head down,English
3andi wlad khti ,Daridja
How sharper than a serpent's tooth it is to have a thankless child.,English
C'est agréable.,French
The whole shebang,English
chokran mosba9an,Daridja
Les éclairs zèbrent le ciel pendant l'orage d'été.,French
Les châteaux français sont chargés d'histoire.,French
ghadhtni 3omri yaaaaaa,Daridja
Les éclats de rire sont une musique joyeuse.,French
peut-être aller à la salle de sport ? ,French
Je suis occupé.,French
la durée de vie doit être importante,French
Pour le déjeuner de Noël nous n'avons pas de nourriture chaude. ,French
7allou fast food jdid,Daridja
Où sont-ils allés ? ,French
For all intents and purposes.,English
Nass yaklou T3am bl'L7am,Daridja
L'introduction d'un processus stochastique défini de façon appropriée.,French
NOUS L'AVONS VU SUR INTERNET.,French
Pourquoi ne pas essayer une nouvelle recette française ?,French
"To sleep: perchance to dream: ay, there's the rub",English
Eehhhh d9i9a bark rani ne9ra mlih ?????? ,Daridja
Tall story,English
Spill the beans.,English
Feather in one's cap - A,English
dert pfe khdma chaba w doka t3lmet ,Daridja
The tailor carefully crafted a bespoke suit for his discerning client.,English
Ne'er cast a clout till May be out,English
machi 9adiyat fechlt wella haja 9ana3a cha5siya brk ,Daridja
Chalk and cheese,English
Endi smana mli khlas dit décision,Daridja
An Englishman's home is his castle,English
"Ce n'est pas obligatoire, on peut faire l'expérience sans s'inscrire?",French
Les éclairs zèbrent le ciel pendant l'orage.,French
Which witch is which?,English
OUI (Organizational Unique Identifier).,French
Trig wa9il ay maghloo9a,Daridja
Spend a penny,English
Pigs might fly in your dreams.,English
Miss is as good as a mile,English
Montezuma's Revenge,English
Les étoiles scintillent dans la nuit étoilée.,French
W 9balto w rakoum ta7fdo w tzidou t assistiw...,Daridja
Quelle est ta chanson préférée ?,French
Sticks and stones may break my bones,English
"Jack of all trades, master of none.",English
Paper tiger,English
Katy bar the door,English
"Peut être oui, et peut être non.",French
"O ye, of little faith",English
"?métro, boulot, dodo?, c'est une expression française qui veut dire que tous les jours, ",French
Les châteaux médiévaux français sont chargés d'histoire.,French
C'est difficile à croire.,French
tsemma makallah njibouha,Daridja
But here's the twist.,English
Je dois prévenir tout le monde ! crie Petit Poulet.,French
koun djaw mta9fin maydirouha  x),Daridja
"Et voilà, quelqu'un y avait laissé un message très intéressant. ",French
Bowled a maiden over,English
Brass tacks - get down to,English
Les éclairs illuminent le ciel pendant l'orage.,French
ya khawti li yechkhor yriye7 f darhoum svp,Daridja
"3ana9t yemma w baba, khti, khawti, ",Daridja
denya t'dour,Daridja
inchallah nharkom zin,Daridja
One-hit wonder,English
.nass wellate machi mrabya,Daridja
Lay it on with a trowel,English
J'aime les films français romantiques.,French
Darkest hour is just before the dawn.,English
Nti ghalta koun tzidi d9i9a m3a hayawan kima hada (hacha lhayawanat),Daridja
Third time lucky,English
All things must pass.,English
"Gérard est assis dans un café, en train d'écrire sur son laptop.?",French
Quelle est la capitale de la France ?,French
Stick in the mud,English
Let's Picture the 1960s.,English
C'est difficile.,French
Had el 9arar kont niziti fih chwiya,Daridja
All publicity is good publicity.,English
As dead as a dodo,English
"Bel 7ad f lil, lilet le 5,",Daridja
Take potluck,English
Les étoiles scintillent dans le ciel étoilé.,French
Haba nakhdem ma dar w andi pc w cnx kifeh ndir ??,Daridja
alch le corps dyali bloka ? ,Daridja
"Look at you, Bob !",English
With bells on,English
Exceedingly well read,English
en faisant des tâches et remplissant nos obligations professionnelles. ,French
Red letter day,English
Tables relationnelles utilisant un type utilisateur.,French
Do you prefer coffee or tea in the morning?,English
ydirlha rabi hal nchlh,Daridja
La semaine peut être une réussite ou un échec.,French
insan 3adi kifi kifkoum kamel,Daridja
Kayen far9 kbir binou w binha,Daridja
Basée aux Sables d'Olonne dans le département de la Vendée dans l'ouest de la France.,French
"Some are born great, some achieve greatness, and some have greatness thrust upon 'em.",English
f rejliya w idi kifah ndir bah yonqas sh7am w yabqa l7am,Daridja
Run the gauntlet,English
As pleased as Punch,English
Où sont les toilettes ?,French
Carte blanche,English
Pourquoi ne pas essayer de peindre un paysage français ?,French
wlidha rah mrid b bouchouka,Daridja
You can lead a whore to culture but you can't make her think,English
Shakespeare (phrases and sayings of),English
"I just bought a new car, and it's fantastic!",English
You look as if you've been dragged through a hedge backwards,English
mach Ghadi nssame7 9odam Rabi.,Daridja
À plus tard.,French
Une semaine sans plastique.,French
Quelle est ta région vinicole française préférée ?,French
Il est agréable de prendre un repas en plein air.,French
Quoi de neuf ?,French
As keen as mustard,English
kifach w bach nakolha w sah tchayan ?,Daridja
Mnytk 9aymi rohek y9aymek,Daridja
Les étoiles brillent comme des diamants dans le ciel.,French
Bonne nuit !,French
As happy as Larry,English
Les éclairs zèbrent le ciel pendant la tempête.,French
binom nta3o capable ymedlik kilyteh w may5alikch to93ed m3a binom nta3h,Daridja
A little bird told me,English
"Mais Marrie, que fait tu ici ?",French
"Il est moins quart, madame placard.",French
C'est un plaisir.,French
t9drou dirou hadouk l3fayes li khelitouhoum f 9lbkoum mli kountou sghar ..,Daridja
Twenty three skidoo,English
Blast from the past - A,English
The deadline for the project is on March 15th.,English
Il pleut.,French
Les éclairs illuminent le ciel sombre.,French
but nowadays we're teaming up with them to make a future where our human brains and robots work together.,English
Walk the walk,English
Off the record,English
Give me a high five ! ,English
Deja kbel kbelll mnkml ne9ra ,Daridja
Création B-arbre sur la table Film.,French
Il était toujours le premier dans sa classe.,French
Ghir ana fi dzayar li dar sujet 2 fi chari3a,Daridja
Je fais aussi des carottes au miel et des haricots verts aux amandes.,French
daret lhidjab,Daridja
Straight from the horse's mouth,English
hragtouli mokhi b la personalite ta3kom,Daridja
"Raindrops pattered on the roof, providing a soothing backdrop to the cozy evening.",English
The antique shop was filled with treasures from a bygone era.,English
la salle contient un vidéoprojecteur.,French
The CEO delivered an inspiring speech that motivated the entire company.,English
I see you stand like greyhounds in the slips,English
As different as chalk and cheese,English
Salam ... chrite pc jdid ,Daridja
t9ella9t bzf,Daridja
Où on discute des solutions écologiques aux problèmes tels que la pollution.,French
C'est formidable !,French
In a trice,English
"Back in 2017, WannaCry hit the scene like an uninvited guest at a party. ",English
a dely brahim wahed les burgers ,Daridja
Les risques associés à l'approche 1 sont :,French
Il y a eu quelque chose qui m'a fait encore plus réfléchir. ,French
Has the cat got your tongue?,English
vous mangez aussi souvent la même chose pour le déjeuner.,French
Wick - you get on my,English
"Hey, where did he go ?",English
ghir ana li malbsthomch wa9il,Daridja
Dog's bollocks,English
Son association lance un défi au public. ,French
J'aime la musique.,French
Eid mobarak bsaha w lahna 3likom,Daridja
bla mzia khti,Daridja
Salam khoty bghit ns9sikom,Daridja
"That's one small step for a man, a giant leap for mankind.",English
Quel est ton sport français préféré ?,French
Chokran khoya ayoub 3la lkhir dyalk li kadir,Daridja
"The diplomat negotiated a peace treaty, bringing an end to years of conflict.",English
Lo and behold,English
Je l'ai vu sur Internet ! dit Petit Poulet.,French
Bill Stickers is innocent,English
The butterfly gracefully danced from flower to flower in the garden.,English
ghir lazem nhabsou chwia ,Daridja
How do you know him ?,English
Strait-laced,English
Neither a borrower nor a lender be,English
blaaa mzeyaaa,Daridja
That movie was so boring; I almost fell asleep.,English
Écrire les requêtes SQL3 permettant de :,French
I have nothing to offer but blood toil tears and sweat.,English
La cuisine française offre une explosion de saveurs.,French
Une catastrophe naturelle.,French
How many apples are in the basket?,English
"Excuse me, where is the nearest post office?",English
ki kount sghir kount nel3ab b trab,Daridja
Kima t9ol mani bassane machi piscine,Daridja
Les adresses MAC comportent 6 octets (48 bits).,French
Ses amis l'appellent Petit Poulet. ,French
"Les couleurs de l'arc en ciel sont: le rouge, l'orange, le jaune, le vert, le blue et le violet.",French
"Dans un pays très loin,",French
Les plages de la Côte d'Azur sont magnifiques.,French
yakhi hala yakhi,Daridja
"Alors Petit Poulet, Pauline la poule.",French
w houma tarbiya rabi yjib,Daridja
We know where you live,English
Piece of the action,English
3id yal 3id w houma yakhedmou fel mounker,Daridja
ya3ni hadi mahich curiosité ,Daridja
Jma3a nahadro haja srx,Daridja
Nous avons un très grand jardin.,French
Où puis-je trouver un bon café ?,French
Plague on both your houses,English
El jism ta3i nqoss hmdllh mohem,Daridja
The Devil to pay,English
Where did the man go ?,English
Le dîner était exquis hier soir.,French
"Pour le gâteau pavlova, j'utilise de la crème fouettée, une mangue, des fraises, une banane, des fruits de la passion et des kiwis.",French
Malfa nchoufha,Daridja
C'est ennuyeux.,French
Birds of a feather flock together,English
Pull yourself up by your bootstraps,English
Quelle est ta région française préférée pour les sports d'hiver ?,French
Kifch system t3ha dyer,Daridja
Pourquoi ne pas essayer de déguster du vin dans une cave française ?,French
Buck stops here - The,English
Why didn't you tell me about the meeting tomorrow?,English
kifech rohtou hetta l temmak,Daridja
Le schéma SQL3 de cette base de données est le suivant :,French
Les maladies infectueuses se propagent très vite.,French
Vraiment ? Comment le savez-vous ? demande Carine.,French
"If music be the food of love, play on.",English
Elbow-grease,English
Doesn't know shit from Shinola.,English
There's no such thing as bad publicity.,English
Twelve good men and true,English
Il est agréable de flâner dans les marchés français.,French
As cute as a bug's ear,English
A zin win raki,Daridja
As white as snow,English
"The sunrise painted the sky in hues of pink and orange, signaling a new day.",English
(A) watched pot never boils.,English
"la tête, les épaules, les genoux, et les doigts.",French
"I'm willing to gift her a basket of flowers, what do you think ?",English
Why did you choose this restaurant for dinner?,English
car on sait tout ce qu'on doit faire chaque jour.,French
kifech mazelki tsaksi ya bent,Daridja
"fi had blad lwass3a macha'allah,",Daridja
on fait la même chose encore et encore.,French
yak teskoun hnaya lala ?,Daridja
ce n'est pas seulement des obligations ,French
Ashes to ashes dust to dust,English
Habit nspoty wa7ed ismo ya9ra esi 1cp sghir 3lya,Daridja
Maziid m najah w ta2alo9 weldi ljamil,Daridja
Il est devenu un père.,French
"Broke - if it ain't, don't fix it",English
rajla 3likoum w f7oulaaa 3likoummm w yasstehlou yatssamaw,Daridja
D'abord il envoie l'histoire par courriel à ses mille amis les plus proches. ,French
et3b eliha w Dirha  w mat9olsh kheli demain ..,Daridja
rah nakhdem projet b arduino,Daridja
"Age cannot wither her, nor custom stale her infinite variety",English
Jack Robinson - Before you can say,English
"The mountain climber conquered treacherous peaks, overcoming challenges along the way.",English
The jury is still out,English
barkoulah khawti rah  jabou,Daridja
"C'est une journée ensoleillée, parfaite pour un pique-nique.",French
Une série chronologique.,French
"Les 2 mlah, w les ressources ghiir homa f net",Daridja
On Carey Street,English
"Keep your chin up, legends never die.",English
J'aimerais visiter la Côte d'Azur un jour.,French
Die hard,English
mais aussi certaines choses qu'on choisit pour soi-même. ,French
mahash yekhelas lokn  manshekoush !!!,Daridja
Usual suspects - The,English
Les films français ont souvent des scénarios captivants.,French
J'écoutais la radio pendant que je faisais la vaisselle hier midi. ,French
wech rak ya kho ?,Daridja
Saqsi fel idara,Daridja
"9bal mankhrej, raddit darba l kol wa7ed Adani",Daridja
Pourquoi as-tu l'air fatigué ?,French
Thin air - Vanish into,English
Ouah ! Alors ça doit être vrai ! dit le renard. ,French
"ben aknoune, hydra, birkhadem ",Daridja
"The food is bland, the bread is soggy and the drink is not fresh !",English
"Ay ay ay, hbibna t9lbt ll3ba 3lih wa9il",Daridja
"Créer les tables objet, et orientation.",French
When is your birthday ?,English
High-flyer,English
C'est fou !,French
Cat out of the bag - Let the,English
Born with a silver spoon in one's mouth.,English
Cut to the chase,English
ya hesraaaah,Daridja
Raki fi 3aklak tssakssi hed la question ??,Daridja
Don't keep a dog and bark yourself!,English
"The ancient castle stood tall, a testament to a bygone era.",English
Quelle est ta destination de vacances préférée ?,French
et ils ont le même degré d'importance.,French
SLM rani nchof bli kayn li contre wa9fatna m3a l hirak,Daridja
lazam ndaf3o 3la 7ou9ou9na surtt psq soufrina bzzf had l 3am,Daridja
Les femmes d'abord.,French
,Daridja
la routine ça nous permet d'être plus productif ,French
"Les deux facteurs sont la fiabilité et la sécurité,",French
Il fait très chaud !,French
Ransomware : the malicious software that can turn your files into a digital hostage situation.,English
C'est difficile à croire.,French
Pourquoi ne pas essayer de préparer un plat français ce soir ?,French
Brownie points,English
Short end of the stick - The,English
ma3liche tselfili ,Daridja
 n9ol Cbn fo9 hagda makanch but oui kayn XDD,Daridja
Quelle est ta région française préférée pour les sports d'hiver ?,French
"The river meandered through the lush green valley, a lifeline for the ecosystem.",English
Where have you been ? I've been worried on you.,English
te3jebni kifah t9ari surtout ki makhalash hadok sam6at li y3ayo ysa9siw,Daridja
"En général, ce gâteau contient beaucoup de fruits secs et du rhum ou du porto. ",French
Ah les crocodiles.,French
Sorry sight,English
Coco is the best Disney movie.,English
l'ajout de nouveaux besoins sera plus facile,French
,Daridja
Drag race.,English
Pourquoi ne pas essayer une nouvelle recette de cuisine française ?,French
C'est que c'est le monument de Paris le plus engagé.,French
C'est étonnant.,French
Happy clappy,English
Wa9ila 3jbk l7al m3a lwl,Daridja
No laughing matter,English
J'aimerais visiter les vignobles de Bordeaux.,French
Wrong end of the stick - The,English
Knock into a cocked hat,English
hamdoullah bien w nta,Daridja
Bob's your uncle,English
Chkoun li kla mlenha déja,Daridja
"Rag, tag and bobtail",English
Panic stations,English
Market forces,English
Hit the ground running,English
rmilou lma tchoufi ma3andek ma diri b kchourr niff,Daridja
Be careful! The floor is slippery.,English
"Un cheval au singulier, les chevaux au pluriel.",French
houma liyefrzouk ykhalsou m3ak bessayf,Daridja
Children should be seen and not heard,English
w manich 3araf,Daridja
Lokan bahdaltouh w 9oltolo yraja3 drahem,Daridja
The neon lights of the city skyline illuminated the night with a vibrant glow.,English
"Oh, they have slain the Earl of Moray and Lady Mondegreen.",English
Les gens célèbrent la fête nationale en juillet.,French
chhal chabba hadik la chemise,Daridja
A man after my own heart,English
"Il faut faire la lessive, la vaisselle ou vider le lave-vaisselle. ",French
Les éclats de rire des enfants sont un trésor précieux.,French
Curate's egg,English
As snug as a bug in a rug,English
Famous for fifteen minutes,English
Eye candy - see ear candy,English
Pourquoi ne pas essayer un croissant au chocolat ?,French
Laissez un commentaire ci-dessous !,French
rah tewel w rah ykoun résultats ela hsab ete3b ta3ek,Daridja
cheft darna w charikti l nhar lakher.,Daridja
Laughter echoed through the air as friends gathered for a picnic in the park.,English
Zero tolerance for laziness.,English
Insérer tous les n-uplets nécessaires.,French
Point to point,English
Les croissants sont une spécialité française.,French
Slm nsaqsikoum svp hadak khobz souri,Daridja
Neither here nor there,English
Comment trouves-tu la poésie française ?,French
,Daridja
Thus far into the bowels of the land,English
Pound of flesh,English
C'est génial !,French
khellik m la3b w pubj w les jeux hadou,Daridja
Blow a raspberry - see raspberry tart,English
Is it true that you won the lottery?,English
ya khti raki 3ziza aftni 3la rohek,Daridja
Sweet Fanny Adams.,English
amira rahet l Dubai,Daridja
There's one (a sucker) born every minute,English
Raha hakmetni depression,Daridja
The aroma of freshly brewed coffee filled the cozy cafe.,English
One stop shop,English
C'est fantastique !,French
Ça dépend aussi si on est introverti ou extraverti. ,French
,Daridja
C'est incroyable !,French
"Alors dites-moi, ",French
"All singing, all dancing",English
Quelle est ta région française préférée pour la randonnée ?,French
The artist expressed emotions through brushstrokes on the canvas.,English
Foregone conclusion,English
Inna lillah wa inna ilayhi radji3oune.,Daridja
She wore a red dress that complemented her vibrant personality.,English
C'est facile.,French
"J'ai un lapin, une tortue et un poussin à la maison.",French
Les éclats de rire des enfants résonnent dans la cour de récréation.,French
Nice kettle of fish,English
Phénomènes d'attente: processus de naissance et de mort.,French
Stitch in time saves nine - A,English
Wlh ma la9ta dirha i7chem chwiya ,Daridja
"Durant l'été, l'oiseau et la baleine se retrouvaient dans la baie.",French
How much for that pillow ?,English
Don't change horses in midstream.,English
Run out of steam,English
Congratulations on your new job!,English
Une Conception détaillée,French
Bon sang ! Ça doit être vrai ! dit Pauline.,French
On souhaite implémenter une base de données.,French
Birds and the bees - The,English
A load of cobblers,English
"La vie de tous les jours,",French
La cuisine française offre une variété de fromages.,French
qui dit : LE CIEL EST EN TRAIN DE TOMBER !,French
"Out of sight, out of mind.",English
Qu'il a reçus sur le répondeur de France Inter. ,French
Dog's dinner,English
A place for everything and everything in its place,English
J'adore les croissants au petit-déjeuner.,French
Li rahetlou haja rahi 3and le bureau ta3 les agents,Daridja
How many languages do you speak fluently?,English
Les éclats de rire des enfants remplissent l'air.,French
Rub of the green,English
Put the mockers on,English
Le français est une langue élégante.,French
À quelle heure est le rendez-vous ?,French
Take the cake,English
Broad in the beam,English
"Salem 3likom khawti , ",Daridja
Les parcs sont parfaits pour une journée en plein air.,French
Exemple : 00-60-2F-3A-07-BC.,French
Certaines maisons sont climatisées mais chez moi n'ai pas l'air conditionné. ,French
No man is an island.,English
Comment cela marche ?,French
wach had lhala djaybinha hfada brk ..,Daridja
w 9lkoum dakhlin kamal f l exam !!!!!!!!,Daridja
Caught red-handed,English
All of a sudden,English
3id w 3wachir yema mrida w mathmlch bkat bdam3a wesh n9olkoum,Daridja
Going for a burton,English
ana daymen n'assuri belli rahom a l'aise,Daridja
C'est une surprise.,French
kharji la tarte bech matjiche barda bzf,Daridja
Joyeux Noël à vous !,French
Les oiseaux chantent dans le jardin.,French
koule 3am ou ntouma b 1000 khir nchlh ,Daridja
Read the riot act,English
Rani ghir hna,Daridja
Ear-mark,English
Il a le ventre bien gros et bien rond.,French
Raki tchofi f nas W nti mazalti tkhami wch mn gâteau ra7 diri,Daridja
Nothing is certain but death and taxes,English
La batterie est faible.,French
sh7al rahom ykhalsokk ? hhhhhh (guessra),Daridja
f hadouk ldjwayeh,Daridja
Bach yonssor l7a9 w nssor dolm.,Daridja
The engineer meticulously fine-tuned the machinery for optimal performance.,English
Baby blues.,English
Did you go to the movies ?,English
Il y a toujours des tâches ménagères à faire. ,French
Au sommet de la colline il y a une grande grotte sombre.,French
Wech rakou dirou? ,Daridja
Khawti Hada ftouri wa9il bzaf na9ass!,Daridja
Quel temps fait-il ?,French
"'Mohamed, anssa l'Algérie, c'est tag 3lemn tag, w li rah gader ygabel""",Daridja
Please pass me the salt from the kitchen counter.,English
rahet triciti,Daridja
yrahyah f darhom stp oumba3d diro wech thabo ,Daridja
Code d'enseignement et numéro de salle,French
"kol wa7d fi m9amo li khalani nekraha, ",Daridja
Far be it from me,English
The recipe requires 2 cups of sugar and 3 eggs.,English
yodokhlo bah yadahko 3lih w yabdaw yatbahalo,Daridja
"Excuse me, may I borrow your pen for a moment?",English
Great job on finishing the marathon!,English
It's better to give than to receive,English
Screw your courage to the sticking place,English
Où se trouve t-il ?,French
I'm so excited about the upcoming vacation!,English
La cuisine française utilise des ingrédients frais.,French
"Eye of newt and toe of frog, wool of bat and tongue of dog.",English
Réutiliser le noyau du logiciel.,French
No-brainer,English
C'est impressionnant.,French
plassa hadik ki lghaba,Daridja
Battle royal,English
J'aime la plage.,French
Left in the lurch,English
As tu déja essayé ce produit ?,French
Bon courage,French
C'est magique.,French
Point-and-click.,English
lyoum kayen match harb bin real wel barsa ,Daridja
Si x alors y sinon z.,French
Nous buvons de la bière ou du vin ou du champagne. ,French
W el 3ibra lel motta9in.,Daridja
matkhasarhach 3la wahdokhrin (machi ghir 1cp),Daridja
Hell or high water,English
"Salut, vous deux ! dit Carine. ",French
"Tout ça, ça fait aussi partie de notre routine.",French
eneshouni wsh ndir svp (bla tmes5ir srx ),Daridja
All the tea in China - Not for,English
Baker's dozen,English
Wolf in sheep's clothing,English
As fit as a butcher's dog,English
kayan bzzzf mahoch 3ajabhom lhal,Daridja
fi balo tfak le problem li kona nkhrjo 3la jalou,Daridja
nelqa khdma n3awen biha rouhi w nrbh l'expérience !,Daridja
Save one's bacon,English
Know the ropes,English
Foam at the mouth,English
Get the pip!,English
C'est dangereux.,French
Ya jma3a diro fbalkom,Daridja
Jump on the bandwagon,English
Les éclats de rire des enfants résonnent dans la cour d'école.,French
As XXX as YYY.,English
I'm smelling something fishy over here.,English
Pourquoi ne pas essayer la cuisine française ce soir ?,French
s7ab les langue mafihash wa9il hath el 3am,Daridja
b idhn allah ykhrjou fikoum .,Daridja
Elle est en train de se baigner.?,French
Aslan makountche temmak,Daridja
ga3 les direction  rahom yekhedmo  nrml apar bouraoui  !!!!,Daridja
"There is no alternative, right ?",English
"Ils sont où tes parents, jeune-homme ?",French
Words ending in gry,English
lah ybarek,Daridja
Le soleil brille et il fait beau.,French
Awah lhala marahiche ta3djeb,Daridja
Jobs for the boys,English
About turn,English
"If the mountain will not come to Muhammad, then Muhammad must go to the mountain.",English
hka bah madourouch 3lina wla hta 3la la grève ta3na.,Daridja
"Nous préférons les fruits de mer, les poissons et le jambon, le tout froid avec de la salade.",French
"w Sahbi lwa7id l nhar lakher, w ro7t. ",Daridja
Lock stock and barrel,English
loukan jiti godami nzidek,Daridja
Wellah ya khawti Ay efsa rak hab dirha,Daridja
Achilles' heel,English
hadak siyed li siya ga3 les fruits et légumes ,Daridja
KOL WA7ED YKHAMEM FI RO7AH,Daridja
Knuckle down,English
The athlete's perseverance paid off as he crossed the finish line with pride.,English
mazalou toujours yekhedem,Daridja
Get underway,English
À Moi Paris.,French
"On se brosse les dents, on se prépare, on s'habille, on prend son petit déjeuner. ",French
Cast the first stone,English
tawlet bzf mesbah w hna nessenaw f chems,Daridja
(il n'y a pas deux marques de même nom et tous les numéros sont uniques dans la base).,French
Les étoiles brillent dans le ciel nocturne.,French
goulilha tezreb chwia,Daridja
koun kamelti esmhom belkamel,Daridja
taeydou w tzidou b saha wel hna,Daridja
"Je dois acheter des crevettes, du poisson, du poulet, des fruits, des légumes et le jambon de Noël.",French
baghyin tedokhlo w tesokto,Daridja
Salam jma3a.,Daridja
Using a sledgehammer to crack a nut,English
pour moi lvide hada wasmo,Daridja
Could you add Stephanie to the chat ?,English
Go the whole hog,English
"Love is blind, isn't it ?",English
Quelle est ta région française préférée pour les vacances ?,French
You can't get blood out of a stone,English
Roh seguemelna lkhit,Daridja
wesh raykom fel formage hada ... coté gout/prix,Daridja
Truth is stranger than fiction,English
Hemdoulah ,Daridja
Fair to middling,English
hada bl mnhkiw 3la l probb ta3 les supports off,Daridja
"The detective carefully examined the clues, determined to solve the mysterious case.",English
"perso nmout ala le Couscous, Rechta w lem7adjeb",Daridja
"Aussi, j'achète de la glace à la vanille et du pain. ",French
9bal ma nssir 9ali El waled,Daridja
D'où la conclusion qu'on a tiré.,French
The coastal town was known for its picturesque beaches and quaint charm.,English
Not rocket science,English
Keep your hands clean!,English
"Pour beaucoup d'entre nous, ",French
Galou Egybest rja3 mana3ref sah wella khorti,Daridja
bech dok naklou bla ma nkhafo lol,Daridja
Alah yarahmak ya yemma el aziza,Daridja
lazem sber psq marahche djik wsh hab bin lila w nhar,Daridja
Les gens qui me connaissent savent que j'adore écouter la radio. ,French
loukan takhtikoum 9raya tmoutou..,Daridja
Jean a deux garçon et une fille.,French
Crocodile tears,English
(Coming in) on a wing and a prayer,English
"Oui, un peu.",French
The collywobbles,English
Petit Poulet est un poulet tout à fait normal.,French
Spelling-bee,English
I can't believe it's already 2024!,English
Good man is hard to find - A,English
"On passe ensuite la majeure partie de notre journée au travail, ",French
On cloud nine,English
Bane of your life,English
Quel est ton nom ?,French
koul wehd serbilou teht bab,Daridja
Il faut le faire en avance. ,French
Du point de vue des contrôles antidopage. ,French
fi 3amro 15 ans bérk merci.,Daridja
C'est interdit.,French
hatta lwa9tach w mtouma ta7fdo w li ydirouh fikoum 9ablin..,Daridja
C'est une émission au sujet de l'environnement.,French
Take (with a spoon) a little bit of salt.,English
Nous sommes en sécurité.,French
Rabi yahdik hata kitachki malik ykamlou 3lik,Daridja
Eddar Darkom ,Daridja
L'éléphant est un très grand animal.,French
Cat got your tongue?,English
"aand rabbi fi balhom haja sghira bssah aand rabbi kbiiiiira,",Daridja
"Wella sra9ni, w ketblhom Rabi ydokhlo lel 7bass.",Daridja
"Hanged, drawn and quartered",English
Elle a un accent charmant.,French
Piece of cake ...,English
J'adore voyager.,French
Quelle est ta région française préférée pour les vacances d'été ?,French
ni 9raya mli7a ni m3icha f residence mli7a ni blad mli7a,Daridja
Red in tooth and claw,English
W hadak li yab3at lien partout sada9ni mahich khadma ta3 rjal,Daridja
Il aime les toasts avec du beurre et le café à la crème.,French
Gérard mène tout le monde à travers le village.,French
Beat the living daylights out of someone,English
C'est magnifique.,French
C'est parfait.,French
Writing is on the wall - The,English
Notre journée de travail n'est pas tout à fait terminée. ,French
Khawti ki t7b tsjl f la BN lzam tkoun 3ndk résidence f Alger ??,Daridja
Elle revient du supermarché.,French
Nrmlment m wahran wala tmouchainte,Daridja
kechma njib l dar fi trigi ?,Daridja
Do you wanna go play some bolwing later on ?,English
"The ants are my friends, they're blowing in the wind",English
raki mechghoula douka ?,Daridja
Le maçon contruit la maison avec du ciment.,French
"C'est une journée ensoleillée, parfaite pour une séance photo.",French
Hadi chhal macheftekche,Daridja
"1 saut, 2 pas, 3 sauts, 2 pas.",French
Popular fallacies - The Nonsense Nine.,English
Place for everything and everything in its place - A,English
Tout le monde était en short et en T-shirt.,French
"Très bien, et toi ?",French
Countenance more in sorrow than in anger - A,English
"comme le sport, la lecture, les soins de la peau, le maquillage. ",French
The whole nine yards,English
voilà voilà sa7a 3idkoum la7bab !,Daridja
Five o'clock shadow,English
"If wishes were horses, beggars would ride",English
Upset the apple-cart,English
Chaque 8 bits de l'adresse représente un nombre décimal,French
rahou yel3ab film chbab,Daridja
kayen accident fi trig el mouradia,Daridja
"Le lendemain matin, Petit Poulet et ses amis ont disparu. ",French
Queer as a nine bob note,English
Ramdan li fat kont nakol ghir tmer o chorba o chlada,Daridja
À bientôt !,French
Fathom out,English
"De tels phénomènes sont naturellement étudiés en biologie, en démographie et en sociologie.",French
Tla9it b 3ammi moh ,Daridja
barak Allahou fik akhi,Daridja
marhba bikom,Daridja
Il a bien fait de remarquer cet erreur.,French
Left hand doesn't know what the right hand is doing.,English
The tail wagging the dog,English
Test your mettle - see show your mettle,English
Drag-and-drop.,English
Pourquoi ne pas essayer de faire du vélo le long de la côte française ?,French
Paint the town red,English
What's not to like?,English
w li tghid sah hadak lbahloul li ypzrtagi lien partout,Daridja
A dish fit for the gods,English
Don't count your chickens before they are hatched.,English
Wa9il f esi makanch had bnadam,Daridja
"So, sue me if you want.",English
The temperature is expected to reach 30 degrees Celsius today.,English
jwayeh blida ,Daridja
Comment peut-il être méchant comme ça ?,French
C'est important.,French
Khammemt bzaf 9bal mn7ot had l poste.,Daridja
Chorba jat bnina 3ssel,Daridja
"POSH - Port out, starboard home",English
"While you live, tell truth and shame the Devil!",English
ntajek rahom b dyarhom,Daridja
"Romeo, Romeo, wherefore art thou Romeo?",English
Wella mazal 7atan tekber,Daridja
Hey honey. I'm home.,English
Mataklouch l7am bzf,Daridja
W HATA WAHED MA RAYAH YEKHROJ INGENRIEUR ,Daridja
Quelle est ta région française préférée pour les sports d'hiver ?,French
w lkhedma li t3ebt eliha ,Daridja
Comment s'appelle ce musée ?,French
Greased lightning,English
mana lfo9 nrml ra7 yossalkom qr code in max 30 min.,Daridja
As-tu déjà goûté une baguette fraîche ?,French
Ask a silly question and you'll get a silly answer.,English
"Ro7t nebki, nebki bka b chah9a",Daridja
Drummed out of the army,English
Ring-fencing,English
Ya khoya ya khoya doubara double har double zit fi ramadan.,Daridja
Ch7al mn 7aja f deen 3and'ha tafssir ta3ha,Daridja
Une spécification opérationnelle,French
The birds and the bees,English
I have nothing to declare but my genius.,English
To big for your boots,English
W zit zitouna nakder ndirelha fel khodra ,Daridja
Bought the farm,English
Les éclats de rire sont le meilleur remède.,French
roh cha33el el conteur ,Daridja
ki tchof hadak tmaskhir kamal wash ha tgol,Daridja
Movers and shakers,English
"Ila kemelti m3a wahed kima hada, li darha fik qlil.",Daridja
Hurry up! We don't want to miss the bus.,English
Sir Walter Scott (phrases coined by),English
Four by two,English
Allons-y !,French
nas li rahom baghyin ye9raw golili bark wach rah 3ajebkom,Daridja
douk nzid chwia w nji,Daridja
Catbird seat - In the Binge drinking,English
makach wash dir,Daridja
nsitou beli lezem ta3abdou rabi sobhanu,Daridja
Go over like a lead balloon,English
chkon fiha mliha ESI wla MI ( mnish hab nhre9 rassi b 9raya),Daridja
C'est intéressant.,French
Economical with the truth,English
I'll go to the foot of our stairs,English
Mon ami français est très sympa.,French
Les éclats de rire des enfants résonnent dans la cour.,French
Faint-hearted,English
Pick 'n' mix,English
"The cyclist pedaled through scenic landscapes, enjoying the freedom of the open road.",English
Hadek insan hareb ,Daridja
"The piano melody filled the room, creating a serene atmosphere.",English
Is this a dagger which I see before me?,English
Rhyme nor reason,English
Puis il court dans la rue pour prévenir tous les autres.,French
The pip - Get/got/have,English
Laugh like a drain,English
Cut off your nose to spite your face,English
Barking up the wrong tree,English
Stand up guy,English
Big Apple - The,English
"Sur la rue principale, ils rencontrent Gérard le renard. ",French
Décrire le résultat des requêtes SQL suivantes.,French
"Massa'a El khir, nass l kol,  Shabi, ",Daridja
Zedti jahaltini ana,Daridja
Est-ce que tu parles français couramment ?,French
Les éclats de rire résonnent dans la pièce.,French
I need to buy two dozen eggs for the recipe.,English
b hadak él mard él khabith éd3oulou b chifa,Daridja
Rose by any other name would smell as sweet.,English
Il est essentiel de respecter les coutumes locales.,French
Les châteaux médiévaux français sont chargés d'histoire.,French
Pourquoi ne pas écouter de la musique française ce soir ?,French
kima jatni l'idée bach nbda jatni l'idée bach n7abess,Daridja
Beware the Ides of March,English
Les étoiles brillent dans le ciel nocturne.,French
Wouldn't touch with a barge-pole,English
Quel est votre numéro de téléphone ?,French
I haven't got a clue,English
Cry havoc and let slip the dogs of war,English
khlaso 3likom kamal blayas rohto ltd ta3 groupe ?,Daridja
Dites-moi tout en commentaires.,French
La mode française est élégante et intemporelle.,French
Il est agréable de passer du temps avec des amis.,French
Ya rabbi ntalla3 semstre,Daridja
"Separate the egg white from the egg yolk, then mix the egg yolk with sugar.",English
Pourquoi ne pas apprendre quelques expressions françaises ?,French
Wlidou roh te9ra 9raytek,Daridja
King James' Version of the Bible,English
ymeddoulek haja takhadmiha,Daridja
Preaching to the choir,English
"The garden bloomed with a kaleidoscope of colors, showcasing nature's beauty.",English
"Marley said: no, I shall not come to your art exhibition.",English
à chaque qu'elle pense à lui,French
Camera cannot lie - The,English
You can't just do that !,English
Est-ce qu'il y a des traditions et des plats spéciaux dans votre pays ? ,French
Quel est ton monument français préféré ?,French
Lala biensssssssuuuuur nti lghalta akhah watzidi tsaksi????????,Daridja
Flavor of the month,English
(It) fell off the back of a truck,English
"No way, Jose",English
On the button,English
L'hôpital se trouve à 200m d'ici.,French
"Oh no, I forgot to buy milk at the grocery store.",English
"J'ai presque oublié : j'achète beaucoup de vin et de champagne, car il fait très chaud et nous avons très soif.",French
"Ki ygolek raby madirch hadak chi,",Daridja
"The aroma of freshly baked bread wafted through the air, enticing passersby.",English
Et affectés à une salle qui n'en dispose pas.,French
"C'est une journée froide, idéale pour une soirée au coin du feu.",French
Shot in the arm,English
"Though this be madness, yet there is method in it.",English
C'est cool !,French
Nombre d'enseignements différents par salle.,French
1000 et une nuits.,French
All in all,English
Beat swords into ploughshares,English
had nhar ta3 ajr w howa yrabho fi. D3awi char,Daridja
Dieu a crée les hommes et les femmes.,French
Jack in the box,English
Hakka bech nzidou f les donnes,Daridja
"Rana nessenaw fik, matawelche w arwahx",Daridja
Bodice ripper,English
"Et si on ne fait pas tout ça un petit peu tous les jours, ",French
The face that launched a thousand ships.,English
Cookie cutter,English
The asteroid belt lies between Mars and Jupiter and is home to many rocky objects.,English
Kima kan 3ndk lwa9t bch tkhdm,Daridja
besa7 rani srx w nehdar mn 9albi,Daridja
lguite drahem 9dam lbab,Daridja
ki tshoufou un groupe fih bezzaf 7atou vos bavettes,Daridja
bdinahaa kif kif w ida 7abinaha tanja7 lazem nkamlouha kif kif,Daridja
9bel mtjo t9raw atrabaw!,Daridja
Qui trop embrasse mal étreint.,French
"Les paroles s'envolent, les écrits restent.",French
The Oort Cloud is a theoretical region of icy bodies at the outer edge of the solar system.,English
On n'est jamais mieux servi que par soi-même.,French
"La patience est une vertu, elle mène à de meilleurs résultats.",French
ga3 mkhalyin 9rayatnaa de coté w ga3 9a3din f shmisa,Daridja
tgoulou haya ygolk je m'en fou,Daridja
estahel da3em lazem yawsel,Daridja
L'habit ne fait pas le moine.,French
The Kuiper Belt is a region of the solar system beyond Neptune that contains many icy objects.,English
Chacun voit midi à sa porte.,French
Li y3rfha mn 9bel yoskt,Daridja
The study of cosmic microwave background radiation helps scientists understand the early universe's conditions.,English
li mayjish sba7,Daridja
"A light-year is the distance light travels in one year, roughly 5.88 trillion miles.",English
Mars is often called the "Red Planet" due to its rusty appearance caused by iron oxide.,English
"La vie est un voyage, profitez du trajet.",French
lazem 7na ndirou flitox electroni pr exmpl nkhayrou nhar wela zoudj f smana,Daridja
Chaque nuage a une doublure argentée.,French
mat9oulish mal7a9tsh bakri,Daridja
The Orion Nebula is a stellar nursery where new stars are born.,English
l9adiya machi t3 la3b rakom te9raw,Daridja
On apprend de ses erreurs.,French
"Mieux vaut prévenir que guérir, soyez proactif dans vos choix.",French
Il n'y a pas de fumée sans feu.,French
Qui sème le vent récolte la tempête.,French
The Great Red Spot is a massive storm on Jupiter that has been raging for centuries.,English
Exoplanets are planets that orbit stars outside our solar system.,English
Mieux vaut tard que jamais.,French
The Heliopause marks the boundary where the solar wind meets the interstellar medium.,English
Les petits ruisseaux font les grandes rivières.,French
The Hubble Space Telescope has provided breathtaking images of distant galaxies.,English
9bel ma njou3,Daridja
Mnb9awch n3awdo fnafs lhadra,Daridja
Chi li rah ydir fih hada l bnadem bezaaaf wellah,Daridja
"Chassez le naturel, il revient au galop.",French
ljma3a ay tatlem w trou7 tsigni marahish mdayra 7ssab,Daridja
khemou f hadou swale7 seyyiw tchoufoulna 7ouloul bch n7eyiw l7irak ,Daridja
w hedouk li ma yjiwch w yeb3tou s7abhem,Daridja
3la bali beli kayen li ra7 yed7ak ki ye9ra ,Daridja
On récolte ce que l'on sème.,French
ma tfechlounach b3d ma mchina fl grève,Daridja
kont nkhamem ndir 3lih poste,Daridja
makan lah tkhelouna njiw nkharjokom,Daridja
The Milky Way is a vast spiral galaxy that contains our solar system.,English
Madabina ga3 Nkounou 3arfin bihaa 9bel ma tasra,Daridja
khemou chwiya 9bel matreagiw,Daridja
nsemiwkom bl wahd,Daridja
La vérité sort de la bouche des enfants.,French
The International Space Station (ISS) serves as a microgravity and space environment research laboratory.,English
wash yatbadal w ida mli7a w houwa y3awad y9oul,Daridja
À quelque chose malheur est bon.,French
"Dark matter, though invisible, is believed to make up a significant portion of the universe's mass.",English
"L'union fait la force, ensemble on est plus fort.",French
rani manich non9os khls kima kount man 9bel,Daridja
"The Andromeda Galaxy is on a collision course with our Milky Way, but it won't happen for billions of years.",English
kol wa7ed y7el wch ye9der w nebdaw,Daridja
nas ykounou dispo mo3dam el we9t,Daridja
Il vaut mieux être seul que mal accompagné.,French
